Data Inizio,Data Fine,Nome Evento,Comune / Frazione,Luogo Esatto,Descrizione dell'Evento,Giorni Effettivi,Valutazione
13/02/2026,22/02/2026,Carnevale di Montemerano,Manciano (Fraz. Montemerano),"Centro Storico e Piazza del Castello, Montemerano",Rassegna invernale con sfilate allegoriche storiche e degustazioni dei dolci tipici della tradizione della Val d'Albegna.,Solo fine settimana,⭐⭐⭐⭐ (4.2)
24/04/2026,26/04/2026,Fiera del Madonnino,Grosseto (Fraz. Braccagni),"Centro Fieristico del Madonnino, Braccagni",Storica fiera campionaria dell'agricoltura e delle tecnologie rurali maremmane con padiglioni enogastronomici dedicati.,,⭐⭐⭐⭐ (4.3)
24/04/2026,03/05/2026,Festa dello Sport e della Vacca Maremmana,Grosseto (Fraz. Alberese),"Campo Sportivo e aree attigue, Alberese",Celebrazione della razza bovina autoctona con preparazioni alla brace e spettacoli tradizionali dei butteri della Maremma.,Solo fine settimana,⭐⭐⭐⭐½ (4.7)
01/05/2026,03/05/2026,Sagra del Pollo Fritto e Baccelli,Magliano in Toscana (Fraz. Montiano),"Area Sportiva USD Montiano, Frazione Montiano","Apertura straordinaria a pranzo e cena con pollo fritto, baccelli freschi e pecorino toscano DOP della zona collinare.",,⭐⭐⭐⭐ (4.3)
09/05/2026,17/05/2026,Sagra del Tortello,Scansano (Fraz. Poggioferro),"Loc. Poggioferro, centro del borgo, Scansano",Manifestazione enogastronomica incentrata sul celebre tortello maremmano fatto a mano e abbinato al Morellino di Scansano DOCG.,Solo fine settimana,⭐⭐⭐⭐½ (4.6)
16/05/2026,17/05/2026,Massa Gustorum,Massa Marittima,"Vie del Centro Storico, Massa Marittima",Percorso degustativo urbano dedicato ai prodotti tipici delle Colline Metallifere grossetane e ai vini Monteregio.,,⭐⭐⭐⭐ (4.2)
22/05/2026,31/05/2026,Sagra della Lasagna,Castel del Piano,"Area Impianti Sportivi, Castel del Piano",Valorizzazione della lasagna casareccia e dei piatti a base di prodotti del sottobosco amiatino.,Solo fine settimana,⭐⭐⭐⭐ (4.1)
29/05/2026,02/06/2026,Festa del Tortello Soranese,Sorano,"Piazza d'Armi, Fortezza Orsini, Sorano","Celebrazione del tortello locale preparato secondo l'antica ricetta dell'Area del Tufo, accompagnato da vini delle cantine rupestri.",,⭐⭐⭐⭐ (4.3)
29/05/2026,02/06/2026,Sagra della Fragola,Manciano,"Parco di Via della Circonvallazione, Manciano","Rassegna enogastronomica con dolci artigianali a base di fragole del territorio, mercatino dei produttori e concerti serali.",,⭐⭐⭐⭐ (4.4)
05/06/2026,07/06/2026,Festa dell'Alta Maremma,Civitella Paganico,Centro Storico di Civitella Marittima,"Tre giorni di cortei storici, giochi medievali dei carretti, musica e stand con specialità della cucina interna collinare.",,⭐⭐⭐⭐½ (4.5)
06/06/2026,06/06/2026,Non solo... Strozzapreti,Roccastrada (Fraz. Sticciano Scalo),"Struttura Polivalente, Via Vecchia, Sticciano Scalo","Serata promozionale con buffet di strozzapreti fatti a mano e prodotti biologici maremmani, seguita da intrattenimento musicale.",,⭐⭐⭐⭐ (4.0)
06/06/2026,14/06/2026,Sagra del Tortello fatto a mano e della bistecca,Campagnatico,"Area Festeggiamenti, Campagnatico",Tradizionali tortelli della Maremma interna tirati al mattarello e carni bovine locali cotte su graticole a legna.,Solo fine settimana,⭐⭐⭐⭐½ (4.6)
12/06/2026,21/06/2026,Sagra del Fritto,Magliano in Toscana,"Giardini Pubblici, Magliano in Toscana","Rassegna gastronomica incentrata sui fritti della tradizione toscana, donzelle, carni di cortile e verdure stagionali.",Solo fine settimana,⭐⭐⭐⭐ (4.3)
19/06/2026,05/07/2026,Festa dello Gnocco,Grosseto (Fraz. Batignano),Campo Sportivo Comunale di Batignano,Sagra storica articolata su tre fine settimana consecutivi con gnocchi artigianali preparati a mano dalle donne del paese.,Solo fine settimana,⭐⭐⭐⭐½ (4.7)
25/06/2026,28/06/2026,Sagra dell'Ovo,Roccastrada,"Area Impianti Sportivi, Roccastrada","Tradizionale manifestazione con stand dedicati a ricette a base di uova fresche, frittate farcite e specialità tipiche collinari.",,⭐⭐⭐⭐ (4.1)
26/06/2026,28/06/2026,54ª Sagra del Tortello,Monterotondo Marittimo,Pro Loco Monterotondo Marittimo,"54esima edizione. Menu ricco: tortelli maremmani (al ragù, burro/salvia, noci), carne alla brace, grigliata mista. Musica dal vivo, ballo liscio e gonfiabili per bambini. Info: prolocomonterotondomarittimo.it",Solo cena,⭐⭐⭐⭐½ (4.5)
26/06/2026,28/06/2026,Il Paese in Festa,Campagnatico,"Centro Storico, Campagnatico",Evento ricreativo con degustazioni diffuse di affettati e formaggi maremmani abbinati a vini delle cantine locali.,,⭐⭐⭐⭐ (4.2)
26/06/2026,05/07/2026,Sagra del Peperoncino,Roccastrada (Fraz. Ribolla),"Spazio Esterno, Frazione Ribolla, Roccastrada",Decima edizione con stand gastronomici a base di ricette piccanti e intrattenimento. Ricavato interamente devoluto all'associazione AVRAI ODV.,Solo fine settimana,⭐⭐⭐⭐½ (4.6)
01/07/2026,31/08/2026,Mercatini Estivi,Grosseto (Loc. Principina a Mare),"Lungomare e vie del centro, Principina a Mare","Bancarelle serali di artigianato toscano, antiquariato (Mercatino delle Pulci) e prodotti agricoli (Campagna Amica).",Martedì - Giovedì - Venerdì,⭐⭐⭐⭐ (4.1)
01/07/2026,31/08/2026,Mostra Bronzi Etruschi,Castiglione della Pescaia (Fraz. Vetulonia),"Museo Archeologico Isidoro Falchi, Vetulonia",Importante esposizione sull'arte etrusca con bronzi antichi. Orari estivi: 10:00-14:00 e 15:00-19:00. Tel. 0564 927245.,Martedì - Domenica,⭐⭐⭐⭐½ (4.5)
02/07/2026,05/07/2026,Sagra del Maiale,Orbetello (Fraz. San Donato),"Impianti Sportivi di San Donato, Orbetello","Venticinquesima edizione caratterizzata da grigliate di carne suina di origine toscana, rostinciane, salsicce e contorni tradizionali.",,⭐⭐⭐⭐ (4.4)
03/07/2026,02/08/2026,Festa dello Sport e del Cinghiale alla Cacciatora,Grosseto (Fraz. Rispescia),"Campo Sportivo di Rispescia, Parco della Maremma",Rassegna estiva operante nei fine settimana (venerdì-domenica) con focus sul cinghiale in umido e alla cacciatora.,Solo fine settimana,⭐⭐⭐⭐½ (4.6)
03/07/2026,05/07/2026,Tutti Fritti,Civitella Paganico (Fraz. Casale di Pari),Centro Storico di Casale di Pari,"Nona edizione focalizzata sulle tecniche di frittura di carni bianche, verdure dell'orto e donzelle maremmane.",,⭐⭐⭐⭐ (4.3)
03/07/2026,12/07/2026,Sagra degli Strozzapreti e dei prodotti tipici maremmani,Roccastrada (Fraz. Sticciano Scalo),"Struttura Polivalente, Via Vecchia 12, Sticciano Scalo","Trentesima edizione incentrata sulla pasta fresca acqua e farina, condita con ragù toscani e cacciagione.",Aperta solo nel fine settimana (Ven-Dom),⭐⭐⭐⭐½ (4.7)
04/07/2026,16/08/2026,Mercatino di Antiquariato e Artigianato,Grosseto (Loc. Marina di Grosseto),"Via XXIV Maggio, Marina di Grosseto","Mercatino per hobbisti, collezionisti e artigiani locali. Perfetto per una passeggiata serale dopo il mare.",1° e 3° weekend del mese,⭐⭐⭐⭐ (4.3)
10/07/2026,10/07/2026,Musica con i Carbonai di Maremma,Grosseto (Fraz. Braccagni),"Struttura Polivalente, Braccagni",Serata all'insegna della musica popolare maremmana con i mitici Carbonai di Maremma. Dalle 19:00 apertura punto ristoro con ottimi panini.,Singola serata,⭐⭐⭐⭐½ (4.5)
10/07/2026,12/07/2026,Birragustando,Castel del Piano (Fraz. Montenero d'Orcia),"Parco Comunale, Montenero d'Orcia","Festival della birra artigianale con birrifici indipendenti, street food maremmano, musica dal vivo e dj set nella frescura collinare.",Tutti i giorni,⭐⭐⭐⭐½ (4.6)
10/07/2026,19/07/2026,Sagra del Dolce Casalingo,Gavorrano (Fraz. Casteani),"Area Eventi della Frazione Casteani, Gavorrano","Weekend dedicati alla riscoperta dei dolci della tradizione toscana, affiancati da un menu di carne e pesce locale.",Solo weekend,⭐⭐⭐⭐ (4.3)
11/07/2026,11/07/2026,10ª Hamburgerata,Montieri (Fraz. Boccheggiano),"Campo Sportivo Comunale, Boccheggiano","Edizione speciale con maxi hamburger (manzo, maiale, cinghiale a km0). Stand gastronomici, gonfiabili per bambini, dj set e musica dal vivo (Rock in Movie).",Singola serata,⭐⭐⭐⭐½ (4.6)
11/07/2026,16/08/2026,Festa dello Sport e del Tortello (Sagra del Tortello al Cristo),Grosseto (Loc. Il Cristo / Marina di Grosseto),"Campo Sportivo S. Cherubini, Strada Provinciale del Pollino, Il Cristo","Rassegna estiva operante nei fine settimana di luglio e continuativamente a metà agosto, con stand gastronomico dell'Asd Marina Calcio celebre per i tortelli maremmani fatti a mano.",Tutti i weekend (Sab e Dom) e Ferragosto,⭐⭐⭐⭐½ (4.7)
17/07/2026,19/07/2026,Sagra della Ribollita,Roccastrada (Fraz. Ribolla),"Area Feste, Ribolla",Tradizionale festa paesana dedicata alla celebre zuppa toscana a base di pane e verdure.,Solo fine settimana,⭐⭐⭐⭐ (4.3)
18/07/2026,18/07/2026,L'Angolo del Collezionista (Mercatino),Grosseto,"Piazza De Maria, Grosseto","Tradizionale mercatino dell'antiquariato, collezionismo e artigianato. Ottimo per appassionati e curiosi alla ricerca di rarità.",Singola giornata (Terzo Sabato),⭐⭐⭐⭐ (4.2)
20/07/2026,29/07/2026,Sarde e Calamari in Festa,Castiglione della Pescaia,"Palasport ""Casa Mora"", strada per Punta Ala","Sagra ittica gestita dalle associazioni sportive locali, attiva nei fine settimana del 20-22 e 26-29 luglio, con pesce dell'Arcipelago.",Solo i fine settimana,⭐⭐⭐⭐½ (4.6)
16/07/2026,19/07/2026,Festa nell'Aia,Roccastrada (Loc. Campo al Noci),"Area rurale di Campo al Noci, Roccastrada","Celebrazione del rito mezzadrile della trebbiatura a fermo, con menu rustico basato sui piatti della tradizione contadina.",,⭐⭐⭐⭐ (4.4)
24/07/2026,10/08/2026,Sagra del Baccalà,Magliano in Toscana (Fraz. Sant'Andrea),"Campo Sportivo, Sant'Andrea al Civilesco","Storica rassegna (34ª edizione) incentrata sul baccalà preparato fritto o in umido secondo la tradizione, con ballo al Covo gratuito.",Dal venerdì alla domenica,⭐⭐⭐⭐½ (4.6)
25/07/2026,25/07/2026,Orbetello in Cantina,Orbetello,"Via Maremmana, Orbetello",Serata dedicata alla degustazione di vini di cantine locali accompagnata da proposte gastronomiche dei ristoranti della zona.,Singola serata,⭐⭐⭐⭐ (4.4)
24/07/2026,02/08/2026,"Sagra dei Tortelli, Pici, Strozzapreti e Lumache",Campagnatico,"Centro Storico e area festeggiamenti, Campagnatico","Rinomato appuntamento incentrato su tre pilastri gastronomici: tortelli freschi, strozzapreti al mattarello e lumache in umido.",Aperta tutti i giorni,⭐⭐⭐⭐½ (4.7)
17/07/2026,26/07/2026,Sagra del Maiale e della Pecora,Monterotondo Marittimo,"Pista ai Castagni, Monterotondo Marittimo",Rassegna culinaria estiva organizzata da USD Monterotondo focalizzata sulla degustazione di specialità locali a base di maiale e pecora alla brace.,Solo fine settimana,⭐⭐⭐⭐ (4.3)
30/07/2026,07/08/2026,Sagra a Buriano,Castiglione della Pescaia (Fraz. Buriano),"Piazza Indipendenza e area events, Buriano",Evento gastronomico e spettacoli serali sotto le stelle organizzati dal Comitato Festeggiamenti di Buriano.,Solo dal giovedì alla domenica,⭐⭐⭐⭐ (4.3)
07/08/2026,09/08/2026,Medioevo nel Borgo,Roccastrada (Fraz. Roccatederighi),Vicoli e piazze del borgo storico di Roccatederighi,"Rievocazione storica trecentesca con costumi, falconieri, giullari e antiche taberne dove si serve cibo di ispirazione medievale.",,⭐⭐⭐⭐⭐ (4.8)
06/08/2026,16/08/2026,Festa del Cinghiale Maremmano,Grosseto (Fraz. Montepescali),"Piazza del Baluardo e Centro Storico, Montepescali","Tradizionale rassegna culinaria incentrata sul cinghiale maremmano preparato in umido e alla brace, abbinato a ottimi tortelli fatti a mano.",Solo weekend e prefestivi,⭐⭐⭐⭐⭐ (4.8)
07/08/2026,17/08/2026,Sagra del Tortello Maremmano,Massa Marittima (Fraz. Valpiana),"Area Impianti Sportivi, Valpiana",Grande festa estiva con stand gastronomici che propongono il classico tortello al ragù maremmano e specialità di carne.,Tutti i giorni,⭐⭐⭐⭐½ (4.5)
08/08/2026,17/08/2026,Sagra della Ficamaschia Dorata,Monte Argentario (Fraz. Porto Ercole),"Lungomare Andrea Doria e area portuale, Porto Ercole","Sagra costiera incentrata sul melù (ficamaschia), pesce molo azzurro tipico servito fritto o in tradizionali zuppe di mare.",Tutti i giorni,⭐⭐⭐⭐ (4.4)
10/08/2026,19/08/2026,Sagra d'Estate,Magliano in Toscana (Fraz. Montiano),"Area Festeggiamenti, Frazione Montiano",Evento culinario promosso dalla locale Società Sportiva volto a diffondere la conoscenza delle carni alla brace maremmane.,Solo fine settimana,⭐⭐⭐⭐ (4.3)
13/08/2026,16/08/2026,Sagra del biscotto salato,Roccalbegna,Centro Storico di Roccalbegna,"Valorizzazione del presidio storico del biscotto salato locale intrecciato a forma di otto, bollito e poi cotto al forno.",,⭐⭐⭐⭐ (4.2)
13/08/2026,17/08/2026,Festa di Mezz'Agosto,Gavorrano (Fraz. Caldana),Centro Storico e area ricreativa di Caldana,"Manifestazione culinaria, teatrale e spettacoli musicali promossa dalla Società di Mutuo Soccorso locale.",,⭐⭐⭐⭐½ (4.5)
14/08/2026,17/08/2026,Sagra del Porcino,Roccastrada,"Località Campo ai Noci, Roccastrada","Terza edizione organizzata dalla ASD Polisportiva Roccastrada, incentrata sui funghi porcini freschi della Maremma interna.",,⭐⭐⭐⭐½ (4.6)
14/08/2026,14/08/2026,Balestro del Girifalco,Massa Marittima,"Piazza del Duomo, Massa Marittima",Spettacolare rievocazione storica notturna: corteo medievale con oltre 150 figuranti e gara di tiro con la balestra tra i tre Terzieri cittadini.,Singola serata,⭐⭐⭐⭐⭐ (5.0)
15/08/2026,17/08/2026,Sagra dell'acquacotta,Santa Fiora,"Piazza Garibaldi e vie del centro storico, Santa Fiora","Degustazione della tipica zuppa maremmana a base di pane toscano, verdure montane, pecorino e uova in camicia.",,⭐⭐⭐⭐½ (4.5)
18/08/2026,26/08/2026,Sagra del Tortello e Maccherone maremmano,Gavorrano (Fraz. Grilli),"Area Impianti Sportivi, Frazione Grilli, Gavorrano",Sagra incentrata sulla sfoglia all'uovo tirata a mano condita con sughi di cinghiale o lepre della Maremma interna.,Solo fine settimana,⭐⭐⭐⭐ (4.3)
22/08/2026,24/08/2026,Sagra della patata macchiaiola,Arcidosso (Fraz. Le Macchie),"Frazione Le Macchie, piana del Monte Amiata","Valorizzazione di un'antica varietà autoctona di patata del vulcano spento, servita in gnocchi artigianali e fritture.",,⭐⭐⭐⭐ (4.3)
22/08/2026,26/08/2026,Sagra del Polpo,Scarlino (Fraz. Scarlino Scalo),"Area Polivalente, Scarlino Scalo","Specialità marinare a base di polpo nostrano bollito, in umido con patate novelle o grigliato su carboni ardenti.",,⭐⭐⭐⭐½ (4.5)
29/08/2026,06/09/2026,Sagra della Granocchia,Civitella Paganico (Fraz. Paganico),"Centro Storico, Paganico","Rassegna enogastronomica con specialità di rane fritte, spettacoli musicali e il tradizionale ""Palio della Granocchia"" in cui si corre con carriole.",Solo 29-30 agosto e 5-6 settembre,⭐⭐⭐⭐⭐ (4.9)
11/09/2026,13/09/2026,Sagra del Capitone,Cinigiano (Fraz. Sasso d'Ombrone),"Sasso d'Ombrone, Cinigiano","Storica sagra (giunta alla 46ª edizione) dedicata alle specialità di capitone e anguilla del fiume Ombrone, serviti in umido o alla brace.",,⭐⭐⭐⭐½ (4.5)
08/10/2026,11/10/2026,Festa della Castagna,Cinigiano (Fraz. Monticello Amiata),"Centro Storico, Monticello Amiata",Celebrazione della castagna locale nel cuore dell'Amiata con caldarroste e vin brulé.,,⭐⭐⭐⭐½ (4.5)
16/10/2026,25/10/2026,Castagna in Festa,Arcidosso,"Centro Storico, Arcidosso",Uno degli eventi più rilevanti del territorio amiatino dedicato alla valorizzazione della castagna locale e dei prodotti autunnali.,Solo nei fine settimana (Ven-Dom),⭐⭐⭐⭐½ (4.6)
31/10/2026,01/11/2026,Gustatus,Orbetello,"Centro Storico, Orbetello",Evento enogastronomico di eccellenza che celebra i sapori della laguna e dell'entroterra maremmano attraverso degustazioni e show cooking.,,⭐⭐⭐⭐⭐ (4.8)
23/07/2026,13/08/2026,Follonica Summer Nights,Follonica,"Parco Centrale, Follonica","Grande festival estivo con concerti di artisti di rilevanza nazionale, spettacoli di cabaret e musical all'aperto.",Date specifiche dei concerti,⭐⭐⭐⭐⭐ (4.8)
14/08/2026,16/08/2026,Palio Marinaro dell'Argentario,Monte Argentario (Fraz. Porto Santo Stefano),Porto e lungomare di Porto Santo Stefano,"Celebrazione e regata storica del 15 agosto, con sfilate, eventi e le tradizionali sfide remiere tra i rioni.",15 Agosto (gara principale),⭐⭐⭐⭐⭐ (4.9)
11/07/2026,13/07/2026,Manciano Street Music Festival,Manciano,"Vie del borgo storico, Manciano","Festival musicale itinerante per le vie del centro, con artisti e street band internazionali e stand gastronomici.",Tutti i giorni,⭐⭐⭐⭐⭐ (4.8)
01/08/2026,02/08/2026,Festa del Contadino,Pitigliano,"Zona rurale, Pitigliano","Rievocazione delle tradizioni rurali maremmane con sfilata di trattori d''epoca, giochi popolari e ricca cena conviviale.",Solo weekend,⭐⭐⭐⭐ (4.4)
08/08/2026,09/08/2026,Calici di Stelle,Pitigliano,"Centro storico, Pitigliano",Serata dedicata alle degustazioni dei grandi vini locali (Bianco di Pitigliano DOC) e prodotti tipici con musica sotto le stelle.,Tutti i giorni,⭐⭐⭐⭐⭐ (4.7)
10/07/2026,12/07/2026,Cinigiano Blues Festival,Cinigiano,"Castello di Porrona, Cinigiano","Tre giorni di musica blues internazionale a ingresso gratuito, mercatini e area ristoro attiva dalle ore 19. Start live 21.30 con Michele Biondi Band, Giuseppe Scarpato Power Trio e Irene Fornaciari & The Groove Aviators. Info Whatsapp: 334 655 2360.",Tutti i giorni,⭐⭐⭐⭐⭐ (5.0)
05/08/2026,09/08/2026,Festambiente (Ecofestival Nazionale),Grosseto (Fraz. Rispescia),Località Enaoli,"[ECOFESTIVAL] Festival nazionale di Legambiente. Cinque giornate che uniscono concerti di grandi artisti (es. Modena City Ramblers, The Zen Circus), cinema, dibattiti sull'ambiente, e gastronomia biologica.",Tutti i giorni,⭐⭐⭐⭐ (4.5)
08/07/2026,12/07/2026,Sincronie Summer Festival,Massa Marittima,Centro storico,[MUSICA] Prestigiosa rassegna musicale estiva che ospita concerti di artisti e solisti di fama internazionale nella splendida cornice del borgo medievale.,Tutti i giorni,⭐⭐⭐⭐ (4.5)
31/07/2026,31/08/2026,Festival del Teatro Antico,Grosseto (Parco Archeologico di Roselle),Anfiteatro Romano di Roselle,[TEATRO] Rassegna di spettacoli teatrali classici e moderni messi in scena all'interno del suggestivo anfiteatro romano di Roselle per tutto il mese di agosto.,Date variabili,⭐⭐⭐⭐ (4.5)
09/08/2026,10/08/2026,San Lorenzo e Premio Grifone d'Oro,Grosseto,Centro storico,"[FESTA STORICA/PATRONALE] Tradizionale processione del 9 agosto con i Butteri a cavallo, seguita il 10 agosto (giorno del Patrono) dalla consegna del prestigioso Premio Grifone d'Oro.",9 e 10 agosto,⭐⭐⭐⭐ (4.5)
13/08/2026,14/08/2026,Palio dei Ciuchi,Roccastrada (Fraz. Roccatederighi),Antiche contrade del borgo,"[FOLCLORE/PALIO] Storica corsa a dorso d'asino ('ciuchi') tra le antiche contrade del borgo, anticipata da un pittoresco corteo storico in costumi del Quattrocento.",Singola giornata,⭐⭐⭐⭐ (4.5)
25/07/2026,15/08/2026,Amiata Music Festival,Cinigiano (Fraz. Poggi del Sasso),Forum Bertarelli,"[MUSICA CLASSICA] Eventi musicali di altissimo profilo, tra cui il Gala Lirico, recital internazionali e concerti sinfonici nelle tenute della Maremma.","Date variabili (25 luglio, 9 e 15 agosto)",⭐⭐⭐⭐ (4.5)
01/07/2026,06/09/2026,Mostra Il tempo del realismo,Grosseto,Polo culturale Le Clarisse,"[MOSTRA D'ARTE] Grande esposizione d'arte che ospita capolavori del realismo (Guttuso, Levi, Treccani) affiancati dalle opere degli artisti maremmani.",Tutti i giorni (lunedì chiuso),⭐⭐⭐⭐ (4.5)
07/11/2026,09/11/2026,Santi Vinai,Pitigliano,"Centro Storico, Pitigliano","Celebrazione autunnale che rende omaggio al vino novello e all'olio appena franto. Degustazioni nelle cantine storiche, bruschette, salumi, musica dal vivo e mercatini.",Tutti i giorni,⭐⭐⭐⭐½ (4.5)
29/06/2026,03/07/2026,Festa di Sole - Chef in Cava,Grosseto (Fraz. Roselle),Cava di Roselle,"Importante evento benefico enogastronomico a favore del Meyer, con chef stellati, cene, spettacoli e giochi per bambini.",Tutti i giorni,⭐⭐⭐⭐⭐ (4.9)
03/09/2026,06/09/2026,SettembrediVino,Pitigliano,Cantine storiche del borgo,"Festa delle cantine nel tufo, degustazioni di vini locali e piatti della Maremma nei vicoli del suggestivo centro storico.",Tutti i giorni,⭐⭐⭐⭐⭐ (4.8)
08/08/2026,08/08/2026,Teatro Cava - Cena sotto le stelle,Grosseto (Fraz. Roselle),Cava di Roselle,Cena enogastronomica e spettacolo teatrale serale all'aperto nella suggestiva cornice della Cava.,Singola serata,⭐⭐⭐⭐½ (4.5)
06/07/2026,12/07/2026,Sagra del Pesce a La Torba,Capalbio (Fraz. La Torba),Circolo La Torbiera,"42ª edizione. Ricette di pesce tradizionali (insalata di mare, seppie e ceci, zuppa, frittura e grigliata). Stand dalle 19:30 al Circolo La Torbiera con uso di stoviglie biodegradabili.",Tutti i giorni,⭐⭐⭐⭐ (4.4)
26/06/2026,27/06/2026,Contrade in Festa - 1° Weekend,Roccalbegna (Fraz. Vallerona),Contrade di Vallerona,"Apericena, street food, torneo di briscola, karaoke e DJ Set con DJ Bellu.",Solo cena,⭐⭐⭐⭐½ (4.5)
31/07/2026,01/08/2026,Contrade in Festa - 2° Weekend,Roccalbegna (Fraz. Vallerona),Contrade di Vallerona,"Street food, cena in piazza sotto le stelle, musica dal vivo con Daniele Botti e DJ set.",Solo cena,⭐⭐⭐⭐½ (4.5)
16/07/2026,19/07/2026,La Festa della Birra,Castel del Piano,Contrada del Monumento,"Quattro serate all'insegna del luppolo e del divertimento! Oltre a fiumi di birra ci sarà un'offerta gastronomica golosissima: pizza, porchetta, fritti, grigliate e panini. Il tutto arricchito da musica, concerti e un raduno di Vespe.",Tutti i giorni,⭐⭐⭐⭐ (4.4)
04/07/2026,04/07/2026,Massa Diebus - Festa medieval fantasy e cosplay,Massa Marittima,,"Festival nel cuore di Massa Marittima tra sfilate medievali, spettacoli di fuoco, cavalieri in armatura, fantastici cosplay, stand artigianali e di ottima gastronomia.",Singola serata,⭐⭐⭐⭐ (4.4)
08/07/2026,08/07/2026,XXXVI Music & Wine Festival,Grosseto (Fraz. Braccagni),Centro Sociale Gli Anta,"Uno speciale omaggio al grande cinema intitolato ""Fingermovie"" con Francesco Tizianei. Un connubio perfetto tra musica dal vivo e degustazione di vini.",Singola serata,⭐⭐⭐⭐ (4.3)
24/07/2026,26/07/2026,MerCantine in Poggio,Roccastrada,"Centro Storico, Roccastrada","Un evento che trasforma il centro storico in un percorso enogastronomico con degustazioni, street food toscano, artigianato e musica dal vivo.",Solo fine settimana,⭐⭐⭐⭐ (4.4)
01/07/2026,01/07/2026,Spettacolo dei Butteri della Maremma,Grosseto (Fraz. Roselle),Roselle,Appuntamento dedicato alle antiche tradizioni equestri e al mondo dei butteri della Maremma.,Singola serata,⭐⭐⭐⭐ (4.5)
11/07/2026,11/07/2026,PopCas Sound Festival (Angelica Bove),Castiglione della Pescaia,"Orto del Lilli, Castiglione della Pescaia",[INGRESSO GRATUITO] Prima serata del festival con il concerto gratuito di Angelica Bove e dj set di Ele Noyr.,Solo sabato 11 luglio,⭐⭐⭐⭐½ (4.6)
05/07/2026,07/07/2026,CINEMURA - Cinema all'aperto,Grosseto,"Il Giardino degli Arcieri, Piazza Amos Nannini 12, Grosseto","Rassegna di cinema all'aperto. 5/7: 19:00 Incontro arte inclusiva, 21:00 I Goonies, giropizza. 6/7: 21:00 Selezione Cineteca di Bologna. 7/7: 21:00 Documentari e dibattito su spazi condivisi, presentazione Primo Binario Film Lab. Dalle 19 aperitivo, ingresso a offerta libera.",,⭐⭐⭐⭐½ (4.5)
10/07/2026,24/07/2026,Le Notti dell'Archeologia,Pitigliano,"Museo archeologico A. Manzi e E. Pellegrini, Pitigliano","Rassegna con visite guidate, incontri e letture dedicate all'archeologia etrusca. Il tema di quest'anno è 'Archeologia che unisce un mondo diviso'. Include visite guidate (es. 11 luglio ore 21:30) ed eventi con degustazioni (17 luglio ore 18:00).",,⭐⭐⭐⭐ (4.3)
09/07/2026,09/07/2026,Calici sotto il Castello,Roccastrada (Fraz. Montemassi),"Vie e piazze del centro storico, Montemassi","Dalle 20:00, evento dedicato al vino e al territorio con 15 produttori locali, punti gastronomici e musica dal vivo.",Singola serata,⭐⭐⭐⭐ (4.4)
09/07/2026,09/07/2026,"Spettacolo ""La Traviata""",Massa Marittima,"Cortile della biblioteca, Massa Marittima",Spettacolo musicale e teatrale incentrato su La Traviata. Inizio ore 21:15.,Singola serata,⭐⭐⭐⭐ (4.3)
09/07/2026,09/07/2026,Escursione Archeologica a La Cote Ciombella,Isola del Giglio,"Sito archeologico preistorico La Cote Ciombella, Isola del Giglio",Escursione guidata archeo-naturalistica e sensoriale al tramonto. Prenotazione obbligatoria.,Singola serata,⭐⭐⭐⭐½ (4.6)
10/07/2026,12/07/2026,Sagra Paesana di Montiano,Magliano in Toscana (Fraz. Montiano),"Piazza del Plebiscito, Centro storico di Montiano","Stand aperti dalle 19:30 con piatti della tradizione maremmana, musica dal vivo e spettacoli a sorpresa durante la cena. A cura della Pro Loco Montiano.",Singolo fine settimana,⭐⭐⭐⭐½ (4.5)
23/07/2026,25/07/2026,7ª Festa Country,Castel del Piano,"Area Festeggiamenti, Castel del Piano","7ª edizione con atmosfere country. Spettacoli dei Butteri del Marruchetone, Falconieri del Re, cavalli in libertà, balli line dance e dj set. Stand gastronomici aperti dalle 19:30. Ingresso gratuito.",Tutti i giorni,⭐⭐⭐⭐½ (4.5)
17/07/2026,19/07/2026,Sagra del Lunghino,Manciano (Fraz. Poggio Murella),"Piazza centrale, Poggio Murella","14ª edizione dedicata al 'lunghino', la tipica pasta fresca locale fatta a mano, servita con sughi tradizionali.",Solo fine settimana,⭐⭐⭐⭐ (4.4)
17/07/2026,19/07/2026,Sbraciata del Buttero,Scansano (Fraz. Pomonte),"Area Feste, Pomonte","Rassegna dedicata all'autentica carne alla brace maremmana, tra tradizioni equestri e i celebri butteri.",Solo fine settimana,⭐⭐⭐⭐ (4.5)
15/07/2026,15/07/2026,Country Roads con Black Carpet Trio,Grosseto (Fraz. Braccagni),"Struttura Polivalente, Braccagni","Serata speciale di mezza estate dedicata alla musica country, folk e rock americano. Presente punto ristoro con ottimi panini e birra.",Singola serata,⭐⭐⭐⭐ (4.4)
17/07/2026,17/07/2026,Loco Magic (Illusionismo e Magia),Grosseto (Fraz. Braccagni),"Struttura Polivalente, Braccagni",Spettacolo di illusionismo e magia per tutta la famiglia organizzato dalla Pro Loco di Braccagni e Montepescali.,Singola serata,⭐⭐⭐⭐ (4.2)
17/07/2026,19/07/2026,Festa della Birra e Sagra dello Gnocco,Roccalbegna,"Area Feste, Roccalbegna","Festa estiva dedicata agli gnocchi fatti a mano e ottima birra, accompagnata da musica dal vivo e divertimento.",Solo fine settimana,⭐⭐⭐⭐ (4.3)
17/07/2026,26/07/2026,Tortelli & Calamari in Ecofesta,Castiglione della Pescaia,"Palasport Casa Mora, Castiglione della Pescaia",Un perfetto connubio tra i sapori di terra (tortelli maremmani) e mare (calamari) in un evento attento all'ambiente.,Solo fine settimana,⭐⭐⭐⭐½ (4.5)
08/08/2026,08/08/2026,Concerto al Teatro delle Rocce (Francesca Michielin),Gavorrano,"Teatro delle Rocce, Gavorrano",La suggestiva cornice del teatro all'aperto ricavato in un'antica cava ospita grandi concerti della stagione estiva.,Singola serata,⭐⭐⭐⭐⭐ (4.8)
10/07/2026,19/07/2026,Sagra della Panzanella,Orbetello (Fraz. San Donato),"Impianti Sportivi di San Donato, Orbetello","27ª edizione imperdibile! Dalle 19:30 stand aperti per gustare la celebre panzanella fresca, accompagnata da fragranti tortelli maremmani, gnocchi e ottima carne alla brace.",Tutti i giorni,⭐⭐⭐⭐½ (4.5)
03/07/2026,04/07/2026,Festa della Birra,Roccastrada (Fraz. Roccatederighi),"San Martino, Roccatederighi","Serate dedicate alla birra artigianale, pizze, gastronomia locale e dj set sotto i freschi castagni di San Martino. Stand aperti dalle 19:00.",Solo fine settimana,⭐⭐⭐⭐ (4.4)
10/07/2026,12/07/2026,Sagra del Piatto Povero,Roccastrada (Fraz. Torniella),"Centro Storico, Torniella","Celebrazione della cultura contadina con piatti poveri e genuini come l'acquacotta, la pappa al pomodoro e gli spaghetti con le briciole. Stand dalle 19:30.",Solo fine settimana,⭐⭐⭐⭐ (4.3)
10/07/2026,12/07/2026,Festa dei Cacciatori,Roccastrada (Fraz. Roccatederighi),"Area Feste, Roccatederighi","Stand gastronomici aperti dalle 19:30, dedicati alla cacciagione e al cinghiale, per celebrare le tradizioni venatorie dell'alta Maremma.",Solo fine settimana,⭐⭐⭐⭐½ (4.5)
08/08/2026,09/08/2026,Torneo di Palla Eh!,Roccastrada (Fraz. Torniella),"Piazze e vicoli del borgo, Torniella","Storico e affascinante gioco sferistico a mani nude per le vie del borgo, un antico antenato del tennis tramandato nei secoli. Partite nel pomeriggio/sera.",Solo weekend,⭐⭐⭐⭐½ (4.7)
08/08/2026,16/08/2026,Sagra del Maccherone,Roccastrada (Fraz. Sassofortino),"Parco Fonte di Vandro, Sassofortino",Protagonista assoluto il maccherone fatto a mano al fresco del parco. Aperta 8-9 e 14-16 agosto dalle 19:30 (il 15 anche a pranzo).,Solo weekend e Ferragosto,⭐⭐⭐⭐½ (4.6)
16/08/2026,16/08/2026,Concerto della Banda,Roccastrada (Fraz. Torniella),"Piazza del Popolo, Torniella",Tradizionale concerto bandistico serale post-Ferragosto per allietare il borgo. Inizio previsto ore 21:30.,Singola serata,⭐⭐⭐⭐ (4.2)
20/08/2026,20/08/2026,Spettacolo Teatrale,Roccastrada (Fraz. Torniella),"Centro Storico, Torniella",Spettacolo teatrale serale all'aperto (inizio ore 21:15 circa) all'interno delle iniziative estive della Pro Loco Piloni-Torniella.,Singola serata,⭐⭐⭐⭐ (4.3)
22/08/2026,23/08/2026,Torneo di Palla Eh!,Roccastrada (Fraz. Piloni),"Piazza del borgo, Piloni",Tappa a Piloni dell'antico torneo itinerante di palla a 21 giocato per le piazze del paese. Le sfide animeranno il borgo nel fine settimana.,Solo weekend,⭐⭐⭐⭐½ (4.6)
10/08/2026,13/08/2026,Sagra della Frittura di Pesce,Orbetello (Fraz. Fonteblanda),"Campo Sportivo, Via dello Stadio, Fonteblanda","Prima parte del celebre evento gastronomico estivo dell'ASD Fonteblanda. Protagonista assoluta la frittura espressa di paranza e calamari, dorata e croccante. Stand aperti dalle 19:30, seguiti da musica dal vivo e ballo liscio.",Tutti i giorni,⭐⭐⭐⭐½ (4.5)
16/08/2026,25/08/2026,Sagra del Cacciucco,Orbetello (Fraz. Fonteblanda),"Campo Sportivo, Via dello Stadio, Fonteblanda","Seconda tranche dell'evento clou di Fonteblanda. Il menù si arricchisce con il tradizionale Cacciucco alla maremmana, primi ai frutti di mare e alternative di carne. Apertura stand ore 19:30, area ballo e orchestre tutte le sere.",Tutti i giorni,⭐⭐⭐⭐½ (4.5)
17/07/2026,18/07/2026,Un mare di Birra,Orbetello (Fraz. Talamone),"Porto e Piazza, Talamone","Festa estiva dedicata alle birre artigianali, accompagnata da street food, musica e intrattenimento nel suggestivo scenario di Talamone.",Solo fine settimana,⭐⭐⭐⭐ (4.1)
